{
    "keep": {
        "days": false,
        "amount": 180
    },
    "auditLog": "/Users/mac/Desktop/programs/team/microsoft_hackathon_team013/server/logs/error/.423b1f1b6b069dac8529e76a2f183e2be6f5cb49-audit.json",
    "files": [
        {
            "date": 1713014840434,
            "name": "/Users/mac/Desktop/programs/team/microsoft_hackathon_team013/server/logs/error/2024-04-13.error.log",
            "hash": "8572431e18a92ac50b5357acff3258c8a62b2e689917f98b2feea327814b88f5"
        },
        {
            "date": 1713021724783,
            "name": "/Users/mac/Desktop/programs/team/microsoft_hackathon_team013/server/logs/error/2024-04-14.error.log",
            "hash": "ad62336f3cafb4cdcb0ca7916f632c2863a6c9273d94417c35fc59b4fe2091c4"
        }
    ],
    "hashType": "sha256"
}