{
    "keep": {
        "days": false,
        "amount": 30
    },
    "auditLog": "/Users/mac/Desktop/programs/team/microsoft_hackathon_team013/server/logs/.af59df259e85ff09abfdaa6a2b8f45009a7a2cee-audit.json",
    "files": [
        {
            "date": 1713014840435,
            "name": "/Users/mac/Desktop/programs/team/microsoft_hackathon_team013/server/logs/2024-04-13.exception.log",
            "hash": "addb6d9bf5ffd8a98979699b38c79fea60fefa16c49fab35d38ee0993a4b15b0"
        },
        {
            "date": 1713021724784,
            "name": "/Users/mac/Desktop/programs/team/microsoft_hackathon_team013/server/logs/2024-04-14.exception.log",
            "hash": "ca670f22684885181cbc30e9684490d35f7ecea95dc6d813453497cb11506392"
        }
    ],
    "hashType": "sha256"
}