{
    "keep": {
        "days": false,
        "amount": 180
    },
    "auditLog": "/Users/mac/Desktop/programs/team/microsoft_hackathon_team013/server/logs/.feb8711f23f38405702f3dba3733d0159d16e8e4-audit.json",
    "files": [
        {
            "date": 1713014840433,
            "name": "/Users/mac/Desktop/programs/team/microsoft_hackathon_team013/server/logs/2024-04-13.log",
            "hash": "d396e585ba11ebeeb6f6b0350e0584d06d036f06c5b43996070742174148987a"
        },
        {
            "date": 1713021724782,
            "name": "/Users/mac/Desktop/programs/team/microsoft_hackathon_team013/server/logs/2024-04-14.log",
            "hash": "c8e2d1f9bb3d04162a1a4734698e38ebcc6148c12550d6d60cdf63797e9219a4"
        }
    ],
    "hashType": "sha256"
}